derita anak jaman sekarang kalo paketnya habis di saat lagi deketin doi;positive
di janjikan wowo Mentri makanya sekarang kalo bacot ;positive
Terharu saya duh Matur nuwun mbakku Kalo aku berubah jelek tulung ditapuk sendal ya semoa taun ini paseduluran ;positive
Cek how to play disini ;positive
spam kalo ga di lock biasanya kalo acc di lock aman tapi gatau juga twitter sekarang sensitip;positive
ini khususon buat panjenengan makasih udah memenuhi taun taunku gak cuma 2017 makasi udah mendengarkan cer ;positive
Sampai sekarang tak boleh telan keropok belinjau ni Pahit sangat ;positive
kembaliin dong;positive
Mbah uti nya Adi sehat selalu ya mbah nanti kapan kapan alvi main ke Ngawi bareng yang lain ;positive
Testimony VCS Masih Avail VCS sekarang call 081210850260 ;positive
Mengisi waktu gabut dengan ;positive
aku ecen kamu siapa kenalan yuk untuk kedepannya kita bicarakan nanti ;positive
Udah gua beliin nanti ambil dialam mimpi yoo;positive
dari pada ribet musti pake bayar2 lagi pindah yang lain aja sekarang gak cm xiaomi kok yang spek tinggi harga murah;positive
Oh kita sudah iparan ya sekarang Wkwk;positive
Sakit weh Mcm nk tercabut kulit muka ni lagi ah kalau kau ada kwn yg sundal dia tarik mcm xde hati hahaha;positive
Boleh sih Nanti ku dm yaaah ;positive
Henddri4 Hai kak Hendri kami sarankan coba loc up hp 2 3 menit kemudian dinyalakan dan dicoba kembali kak apabila ;positive
Malam Perayaan Tahun Baru Kapolres Tuban Patroli Keliling Kota Dan Razia Tempat Hiburan ;positive
Mentions dengan hastag kalau mau di promosiin akun kamu sekarang ;positive
Gua disini bahkan ga ngerasa ada apa apa dan ga mikir kemana mana Kalo namanya jauh jd deket jd ;positive
Ough sama ditanah tempat lahir kami pun ;positive
TADI HATI GUA BIASA AJA TAPI KENAPAEKARANG MAU NANGIS;positive
Gusman ini anjing yg berujud manusia dn tinggalnya nanti d ;positive
Ay agendakan mumpung iseh ono waktu ;positive
Gua tau k pop dari kelas 5 sd so its been 9 years ago then Dari yang alay halu ngegad jadi sepaket sampe yang se ;positive
Giveaway Time Karena hari ini Kim Jiwon aka Bobby ultah aku mau bikin giveaway Romantic Universe sealedeason gree ;positive
Dulu suka nya suju gtgt deh Gue paling suka sungmin Terus pas kelas 6 sd nemu exo kan baru debut waktu itu pas hi ;positive
wakakkak;positive
Kamu sih waktu itu ga ajak nonton ;positive
B ada cakap dan story kat dia pasal Virgoun Kisah hidup Virgoun Then b suka sgt lagu Bukti by Virgoun Dia pun p ;positive
OU sekarang ;positive
Happy birthday to my dear Have a bless birthday Nanti ajar kite Japanese pulak tau Hehehhe ;positive
Mau kemana nih sekarang Kan tadi aku udah janji kita mau jalan ;positive
Suju makin tua gue kemudian masuk ke fase remaja Gue sadar umur mereka ini harusnya mereka nikah woi tapi ko ga kewong kewong ya ;positive
Apakah mengubah penampilan jadi salah satu resolusi Anda di tahun 2019 Kalau iya berikut ini adalah tren rambut y ;positive
aya tinggalkan jejak disini ;positive
tempat berenang mana yang buka mlm mlm;positive
Diharapkn stlh bebas nanti pa A Hok clngdwn sja dr arena politik praktis;positive
Udah gapapa ama minho juga baca listnya aku bayangin anknya nanti kaya apa ;positive
Nanti bau loh ;positive
buat para member porjitil saiyaankk ;positive
Memimpikan pekerjaan yang baru padahal kita yang malas dan kurang amanah dalam pekerjaan yang sekarang ;positive
Makin ribet sekarang ulah si jk ;positive
Baru juga pacaran belum married Nanti juga putus kali Ga usah baper gitu napa ;positive
Uluh uluh Disini aja kalau gitu beb ;positive
Don t cry cry my baby Nanti kita jumpa okayyy ;positive
Kalau benar pajak kendaraan dihapus trusIM duberlakukan seumur hidup apa gak malah bikin repot Gimana caranya ;positive
Dan gue sadar i'm still into fujoshi world Dari yang ngeship nya KyuMin Terus kaisoo dan sampe sekarang gue suk ;positive
Pas si kaistal dating aja gue potek dah Tapi gue tetep nganggep ini pengalihan iso soalnya waktu itu ada apa gt gue lupa deeee;positive
Sekarang udah gk tayang di tv loh ;negative
Boleh2 nanti aku ig story in yah ;negative
Saran tempat cozy nggak rame dimana Mati lampuuu bzzz;negative
Perilaku masyarakat yg sakit jiwa akibat pemahaman agama yg salah spt itu sangat merusak kehidupan sosial kita Budaya tep ;negative
Retweeeeet my new song;negative
ya udah sama dede lisa aja kebayang ga sih nanti anaknya secakep apa ;negative
Zona Waktu Kehidupan ;negative
Jangan nyaingin opp oppa makin ganteng aja biar bersanding setara nanti eaaa gg;negative
Geser lockscreen baca berita dapatkan pulsa gratisnya Yuk download Cashtree size 3MB disini ;negative
Sekarang sudah berterima adar mereka manusia yang butuh belaian nyata wkwkwk;negative
Dari pagi perasaan gue ga tenang gitu sih apa lagi sekarang 2 agensi udah confirm Gue trs memikirkan apaan sih ni ;negative
Keluargamu dan kekasihmu harus ditanami layaknya sebuah kebun Waktu usaha dan impian harus dipelihara terus ;negative
Nanti malam diving;negative
Hal menyakitkan ketika tahu seseorang tak mencintaimu adalah bahwa dia menghabiskan begitu banyak waktu berpura pura mencintaimu ;negative
rasanya aku tlah memplotkan waktu untukmu tapi sia sia juga;negative
kecipok tangkup pipinya kecup bibirnya sekilas jangan asal cipok disini dong yangg ntar ada yg liat kan ;negative
Bagus lanjutkan adikku Abis itu pulang sini tak spank pake nampan;negative
Hal pertama dia lakukan ketika bangun tidur adalah berfikir apa yang harus di lakukan hari ini atau cara untuk men ;negative
Emang ga on disini brpa lama masa tau darrel udh mau punya anak ' ;negative
Sama lah Cuti nanti baru nak tengok semua episode yang terlepas Huhu sedih ;negative
Cobaan terbesar exol tu;negative
Tak sekarang ni brader tu ya Allah lembutnya ' ;negative
Nanti gemuk padan muka;negative
Saat kalian masih trainee di pd101 cita2 kalian ingin debut di Gocheokky Dome Dan keinginan kalian sudah terkab ;negative
Why this is me cries Terutama yang oc rp Gue sekarang malah jadinya males ngaplot paling maunya cuma di dm in aja ke besan cries;negative
Mantab tambah lagi nanti;negative
sianjir aku dulu mutlak milih desain waktu suruh pilihan kedua aja gatau mo milih apa ;negative
Berbagi minum pake tumbler tu modalnya berapa bu Daripada cuma saran kenapa tidak sekalian nyumbang biar bisa beli tum ;negative
Jangan disini ah;negative
aku juga ah nanti pas hamil liatin jungkook hehehehe;negative
aja tweet di atas tadi nanti gue pilih secara random ongkir ditanggung pemenang ya gue tunggu sampe jam 9 malem ini ;negative
Aku masuk tahun ke 6 sekarang;negative
Aw aw as maw wisuda ;negative
Bingung mau buat merchandise DI BISSINK CLOTH tempat nya Menerima segala pembuatan Kaos Raglanweater Hoodie Parka MORE INFO081296546400;negative
bukalah matamu ;negative
Situ praktekkan zaman DKI 2 sekarang kok berbalik aneh tapi nyata ;negative
Selamat Tahun Baru 2019 winko kangen senpai ga abar ya nanti ada waktunya senpai berubah ke wujud aslinya ;negative
Belajar di tempat les kalo di rumah belajar kalo lg kumat rajinnya aja selain itu waktuku habis untuk nonton yutup ;negative
NYARI BELALANG WKWK;negative
Tkde niat nak mrh ke ape tpi dh alang2 ade point so aku post je Mampus la eh nak mrh kape yg tu la yg aku rse Mangsa bluetick disini ;negative
Kalau City kalah langsung kasih aja trophi juara ke Liverpool sekarang ;negative
Udah kan confirm nya ekarang teaser ;negative
tolong collect sampai december nanti tengs;negative
Jadi pelik orang berasap asap mulut macam Kat tempat sejuk Rokok xnampak ;negative
Tapi kadang bisa engga bener juga da waktu itu ada yang nulis inisial member debut W J ;negative
udah dibilang juga kalian bisa nanya personal ke admin ga bakal diapa apain asli tapi malah kalian persulit yaud ;negative
Hahahah tpi nanti dah matang naik la jerawat tuuu hhahahaha;negative
Sholat kebutuhanemua urusan dunia dimudahkan dan bisa diliatnya dr seberapa rajin kita solat Klo ;negative
mama lanjee Nanti balik awak lah pulak lanje ;negative
Baru juga dapat tempat duduk ini ;negative
Yah kalo itu mah nanti eonninya bisa tersihir Kasian ;neutral
Q dah ga maen mubil lejen ekarang mainnya Magic Tiles biar skill music oke;neutral
Jangan nanti rematik ;neutral
udah dipenjaraaaa sekarang ;neutral
Paling sekarang lagi disidang dia;neutral
Hai Kak mohon maaf atas ketidaknyamanannya Kami menyarankan kamu untuk clear cache kemudian logout ;neutral
Npakin diri senyumin Langsung terpukul mereka nanti;neutral
menghabiskan waktu selama 3 hari 2 malam bersama teman teman dekat di puncak membuat saya makin yakin kalo saya ga yakin sama mereka;neutral
Nanti malam jam 2300 wita Obrolan Budaya bersama Komunitas Palalah di RRINET ;neutral
Rangkul mereka yg membutuhkan kembalikan ke jalan yg benar ebelum mereka berubah jadi jahat gara2 b ;neutral
Chayara membalikkan badannya lagi untuk bertanya kepada tukang pos itu Betapa terkejutnya Chayara tidak sampai t ;neutral
Tap and reply the tweet ;neutral
Sekarang pun dia memang dah bela yeri;neutral
Alhamdulillah ada banyak mungkin disini ada yg tau cara tf pulsa tri ke all operator ;neutral
Ya Allah w kangen di ajak baikan sama Billy Padahal berantem aja kagak Wkwkwk gegara liat ini kalo pundung suka n ;neutral
AHAHAHAH apasi tolol ;neutral
Dan contoh permainan disini ;neutral
Disini aku gak pake mascara karena males ngapusnya Aku pake bulu mata dari artisan pro nomor 1641 ;neutral
bertalam duak muka Mun rasa nak meluah rasa sakit hati kah apa ya carik kwn yg dpt k tempat luah bh Mun sikda kaw ;neutral
sampe lupa dulu pernah jualan pulsa wkwk;neutral
jangan mati deh nanti gua kangen;neutral
Hampir 2 tahun gapernah dibonceng Mlgby ekarang dibonceng lg rasanya pengen hahaha ;neutral
Gabuka twt nanti sedih;neutral
Aku ingin jadi yang kau sebut demikian ;neutral
udah nanti mama kamu ngambek loh;neutral
Throwback moment 2018 ternyata banyak first time experience yg gw capai setahun kemarin emoga 2019 makin banyak a ;neutral
Nanti deh udah 5 tahun lulus pesantrem wkwk;neutral
Eh manas iapa suruh stalk aku Pastu baca tweets aku Ada aku suruh Bah jaga Tahan hati tu Jangan pula n ;neutral
Tusuk sate juga sama Abis dipake dibuang terus nanti ilang sendiri kesapu ;neutral
Spider verse disini kalo mau nonton harus jauh Di Indo terakhir besok landing baru malem Asu;neutral
9696 Harus banget dijawab nih Wkwk Kemaren karna mantan Tapi sekarang sdh tidak gamon;neutral
In 2019 kita belajar satu benda if orang nak buat jahat dekat kita takpe biar je sbb Allah ada nanti bila2 je Dia if someon ;neutral
Udah cukup itu nanti kalian kejang kejang kalo muka saya lebih dekat ;neutral
kAmuelEsAiN DUlU sAMa diA kALo udaH nAntI BAru BaLIK ke AKuuuUUUuuuu ;neutral
Nanti terjadi hal2 yg diinginkan ;neutral
Jangan terlalu baik sama orang lain nanti dibelakang kita sendiri yg repot ;neutral
nanti jam 7 ;neutral
Jsj rl aja lagi menikmati hari yg disini malah merusak;neutral
senasib disini rep 2x gajadi cus akad;neutral
Aku wonder laa Kaya sangat ke org yg senang2 giveaway iphone ni Ke iphone tu dh 'murah' sekarang Iphone dh macam tak exclusive je ;neutral
Jangankan merebut berpikir Cara merebutnya saja aku tidak mampu ;neutral
Ya mas Dulu waktu mengurus penyetaraan ijazah master saya dari luar mudah sekali meskipun belum ada online Mungk ;neutral
aimer merambah drama sekarang nanti lama2 ke ost film;neutral
Selama libur tidur sama nenek tercantik sejagat raya eh giliran tahun baru dia udah pulang dirumahnya tempat anakn ;neutral
Banyak org merasa Mampu scr Ilmu bnyk juga org merasa mampu scr finansial melebihi mak ketum Tp tdk banyak org mau Meng ;neutral
ayo fokus sbm dulu baru nanti mulfan sak modare;neutral
Umur aku baru masuk 19 tahun dan aku mahasiswi keperawatan yang sebenernya bukan bidang aku buat bantu ibu melahirkan dan ma ;neutral
Hahaaha siap nanti mamih pinjem seharian ya ;neutral
Semangaaat mbaknya jangan takut buka hati kita ga tau akan bertemu dengan orang baik seperti apa lg kita nanti ;neutral
dan bersabarlah terhadap apa yang menimpa kamu esungguhnya yang demikian itu termasuk hal hal yang diwajibkan oleh Allah ;neutral